{"cameraMode":{"drawMode":0,"name":"Shaded","section":"Shading Mode"},"sceneLighting":false,"audioPlay":false,"sceneViewState":{"showFog":true,"showMaterialUpdate":false,"showSkybox":true,"showFlares":true,"showImageEffects":true,"showParticleSystems":true},"in2DMode":false,"pivot":{"x":4.692226409912109,"y":-18.992570877075197,"z":-27.59574317932129},"rotation":{"x":-0.05062445253133774,"y":-0.8500800132751465,"z":0.08314650505781174,"w":-0.5175787806510925},"size":0.28578585386276247,"orthographic":true}