{"cameraMode":{"drawMode":0,"name":"Shaded","section":"Shading Mode"},"sceneLighting":false,"audioPlay":false,"sceneViewState":{"showFog":true,"showMaterialUpdate":false,"showSkybox":true,"showFlares":true,"showImageEffects":true,"showParticleSystems":true},"in2DMode":false,"pivot":{"x":-1.20142662525177,"y":1.3203026056289673,"z":2.1315724849700929},"rotation":{"x":0.09356433898210526,"y":0.8830051422119141,"z":-0.19931235909461976,"w":0.4145144522190094},"size":0.6598430871963501,"orthographic":false}