{"cameraMode":{"drawMode":0,"name":"Shaded","section":"Shading Mode"},"sceneLighting":false,"audioPlay":false,"sceneViewState":{"showFog":true,"showMaterialUpdate":false,"showSkybox":true,"showFlares":true,"showImageEffects":true,"showParticleSystems":true},"in2DMode":false,"pivot":{"x":-0.7520133256912231,"y":-0.481140673160553,"z":1.133007526397705},"rotation":{"x":0.06616319715976715,"y":-0.9261723160743713,"z":0.19335293769836427,"w":0.3169257640838623},"size":5.0771870613098148,"orthographic":false}