{"cameraMode":{"drawMode":0,"name":"Shaded","section":"Shading Mode"},"sceneLighting":false,"audioPlay":false,"sceneViewState":{"showFog":true,"showMaterialUpdate":false,"showSkybox":true,"showFlares":true,"showImageEffects":true,"showParticleSystems":true},"in2DMode":false,"pivot":{"x":-0.23479700088500977,"y":0.7456961870193481,"z":-0.18813054263591767},"rotation":{"x":0.0006039273575879633,"y":-0.9991945624351502,"z":0.016488203778862954,"w":0.03657914698123932},"size":1.4526653289794922,"orthographic":true}