{"cameraMode":{"drawMode":0,"name":"Shaded","section":"Shading Mode"},"sceneLighting":true,"audioPlay":false,"sceneViewState":{"showFog":true,"showMaterialUpdate":false,"showSkybox":true,"showFlares":true,"showImageEffects":true,"showParticleSystems":true},"in2DMode":false,"pivot":{"x":-1.4261679649353028,"y":-3.5189132690429689,"z":11.805940628051758},"rotation":{"x":0.19098079204559327,"y":-0.0383666455745697,"z":0.0074705639854073528,"w":0.9808152914047241},"size":20.28479766845703,"orthographic":false}