{"cameraMode":{"drawMode":0,"name":"Shaded","section":"Shading Mode"},"sceneLighting":false,"audioPlay":false,"sceneViewState":{"showFog":true,"showMaterialUpdate":false,"showSkybox":true,"showFlares":true,"showImageEffects":true,"showParticleSystems":true},"in2DMode":false,"pivot":{"x":-3.9782917499542238,"y":-0.5910223722457886,"z":-1.6315279006958008},"rotation":{"x":0.0006039273575879633,"y":-0.9991945624351502,"z":0.016488203778862954,"w":0.03657914698123932},"size":10.48676586151123,"orthographic":true}