{"cameraMode":{"drawMode":0,"name":"Shaded","section":"Shading Mode"},"sceneLighting":true,"audioPlay":false,"sceneViewState":{"showFog":true,"showMaterialUpdate":false,"showSkybox":true,"showFlares":true,"showImageEffects":true,"showParticleSystems":true},"in2DMode":false,"pivot":{"x":-6.1426801681518559,"y":13.984888076782227,"z":30.521114349365236},"rotation":{"x":0.023108692839741708,"y":0.9561617374420166,"z":-0.07858100533485413,"w":0.28116968274116518},"size":117.1329574584961,"orthographic":true}