{"cameraMode":{"drawMode":0,"name":"Shaded","section":"Shading Mode"},"sceneLighting":false,"audioPlay":false,"sceneViewState":{"showFog":true,"showMaterialUpdate":true,"showSkybox":true,"showFlares":true,"showImageEffects":true,"showParticleSystems":true},"in2DMode":false,"pivot":{"x":-7.667924404144287,"y":1.6702837944030762,"z":-0.6639136075973511},"rotation":{"x":-0.16893884539604188,"y":-0.567903995513916,"z":0.12045096606016159,"w":-0.7965163588523865},"size":8.095258712768555,"orthographic":true}