{"cameraMode":{"drawMode":0,"name":"Shaded","section":"Shading Mode"},"sceneLighting":false,"audioPlay":false,"sceneViewState":{"showFog":true,"showMaterialUpdate":false,"showSkybox":true,"showFlares":true,"showImageEffects":true,"showParticleSystems":true},"in2DMode":false,"pivot":{"x":-0.3660167157649994,"y":2.2405917644500734,"z":-1.3333790302276612},"rotation":{"x":0.026070870459079744,"y":-0.9728903770446777,"z":0.1380939930677414,"w":0.183670312166214},"size":6.462337017059326,"orthographic":true}