{"cameraMode":{"drawMode":0,"name":"Shaded","section":"Shading Mode"},"sceneLighting":false,"audioPlay":false,"sceneViewState":{"showFog":true,"showMaterialUpdate":false,"showSkybox":true,"showFlares":true,"showImageEffects":true,"showParticleSystems":true},"in2DMode":false,"pivot":{"x":2.514141082763672,"y":-0.4678002595901489,"z":-1.1376820802688599},"rotation":{"x":0.024595780298113824,"y":-0.9559825658798218,"z":0.28007972240448,"w":0.08395140618085861},"size":2.76098370552063,"orthographic":true}