{"cameraMode":{"drawMode":0,"name":"Shaded","section":"Shading Mode"},"sceneLighting":false,"audioPlay":false,"sceneViewState":{"showFog":true,"showMaterialUpdate":false,"showSkybox":true,"showFlares":true,"showImageEffects":true,"showParticleSystems":true},"in2DMode":false,"pivot":{"x":-1.0694146156311036,"y":5.972743034362793,"z":-1.5041027069091797},"rotation":{"x":-0.0625474825501442,"y":-0.8560798764228821,"z":0.10670172423124314,"w":-0.5018264651298523},"size":41.522239685058597,"orthographic":false}