{"cameraMode":{"drawMode":0,"name":"Shaded","section":"Shading Mode"},"sceneLighting":false,"audioPlay":false,"sceneViewState":{"showFog":true,"showMaterialUpdate":false,"showSkybox":true,"showFlares":true,"showImageEffects":true,"showParticleSystems":true},"in2DMode":false,"pivot":{"x":0.1526329517364502,"y":-0.6942474842071533,"z":-0.23057454824447633},"rotation":{"x":-0.08324580639600754,"y":-0.6399291157722473,"z":0.07002972066402435,"w":-0.7606949806213379},"size":2.281034231185913,"orthographic":true}