{"cameraMode":{"drawMode":0,"name":"Shaded","section":"Shading Mode"},"sceneLighting":true,"audioPlay":false,"sceneViewState":{"showFog":true,"showMaterialUpdate":false,"showSkybox":true,"showFlares":true,"showImageEffects":true,"showParticleSystems":true},"in2DMode":false,"pivot":{"x":565.2913818359375,"y":56.083587646484378,"z":281.07818603515627},"rotation":{"x":0.02091936208307743,"y":0.9690729379653931,"z":-0.22946475446224214,"w":0.08835142850875855},"size":715.2374877929688,"orthographic":false}