{"cameraMode":{"drawMode":0,"name":"Shaded","section":"Shading Mode"},"sceneLighting":false,"audioPlay":false,"sceneViewState":{"showFog":true,"showMaterialUpdate":false,"showSkybox":true,"showFlares":true,"showImageEffects":true,"showParticleSystems":true},"in2DMode":false,"pivot":{"x":0.0,"y":1.4099998474121094,"z":0.13999998569488526},"rotation":{"x":-0.13887335360050202,"y":0.8580392003059387,"z":-0.386680006980896,"w":-0.30815836787223818},"size":4.389868259429932,"orthographic":false}