{"cameraMode":{"drawMode":0,"name":"Shaded","section":"Shading Mode"},"sceneLighting":false,"audioPlay":false,"sceneViewState":{"showFog":true,"showMaterialUpdate":false,"showSkybox":true,"showFlares":true,"showImageEffects":true,"showParticleSystems":true},"in2DMode":false,"pivot":{"x":-0.5643415451049805,"y":1.2677600383758546,"z":5.0},"rotation":{"x":-0.13887335360050202,"y":0.8580392003059387,"z":-0.386680006980896,"w":-0.30815836787223818},"size":2.8578836917877199,"orthographic":false}