{"cameraMode":{"drawMode":0,"name":"Shaded","section":"Shading Mode"},"sceneLighting":true,"audioPlay":false,"sceneViewState":{"showFog":true,"showMaterialUpdate":false,"showSkybox":true,"showFlares":true,"showImageEffects":true,"showParticleSystems":true},"in2DMode":false,"pivot":{"x":-12.254556655883789,"y":100.22123718261719,"z":-85.68608093261719},"rotation":{"x":0.39376339316368105,"y":-0.03308064118027687,"z":0.014181617647409439,"w":0.918506920337677},"size":61.513912200927737,"orthographic":true}